month,kind,game_type,event_type,event_name,event_date,event_date_display,event_description,source_site,source_url,image_url,image_alt,location_text,notes
2025-05,play,Gundam Card Game,Play,Judge Program | GUNDAM CARD GAME Official Website,2025-05-16,"May 16, 2025",Play | Official Gundam event page | https://www.gundam-gcg.com/en/events/JudgeProgram.html,GUNDAM Official,https://www.gundam-gcg.com/en/events/JudgeProgram.html,https://www.gundam-gcg.com/gcg/bccard/en/news/2025/05/15/aKJz6k8wvvmRCLR4/thumbnail_en.webp,Judge Program | GUNDAM CARD GAME Official Website,Official Gundam event page,https://www.gundam-gcg.com/en/events/JudgeProgram.html
2026-01,play,Gundam Card Game,Play,BANDAI CARD GAMES Fest 26-27 in ORLANDO | GUNDAM CARD GAME Official Website,2026-01-07,"Jan 07, 2026","Play | Official Gundam event page | January 7-10, 2027 | https://www.gundam-gcg.com/en/events/bcgfest_26-27_orlando.html",GUNDAM Official,https://www.gundam-gcg.com/en/events/bcgfest_26-27_orlando.html,https://www.gundam-gcg.com/gcg/bccard/en/news/2026/08/10/HxhOKIkONUxCFilO/thumbnail_orlando.webp,BANDAI CARD GAMES Fest 26-27 in ORLANDO | GUNDAM CARD GAME Official Website,Official Gundam event page,"January 7-10, 2027 | https://www.gundam-gcg.com/en/events/bcgfest_26-27_orlando.html"
2026-01,play,Gundam Card Game,Play,BANDAI CARD GAMES Fest 26-27 in LONDON​ | GUNDAM CARD GAME Official Website,2026-01-15,"Jan 15, 2026","Play | Official Gundam event page | January 15-17, 2027​ | https://www.gundam-gcg.com/en/events/bcgfest_26-27_london.html",GUNDAM Official,https://www.gundam-gcg.com/en/events/bcgfest_26-27_london.html,https://www.gundam-gcg.com/gcg/bccard/en/news/2026/08/21/BRb2RRuaZLINZWIt/mv_london.webp,BANDAI CARD GAMES Fest 26-27 in LONDON​ | GUNDAM CARD GAME Official Website,Official Gundam event page,"January 15-17, 2027​ | https://www.gundam-gcg.com/en/events/bcgfest_26-27_london.html"
2026-01,play,Star Wars: Unlimited,Play,https://www.atomicempire.com/Store/Event/14410,2026-01-23,"Jan 23, 2026","Play | $45 | Atomic Empire | Saturday, January 23, 3:00 PM | $45 | Atomic Empire | 3400 Westgate Dr Unit 14B, Durham 27713, North Carolina, United States of America | View Details | Map",Star Wars Unlimited,https://starwarsunlimited.com/search?distance=100&myLocation=false&geo=35.7890402%7C-78.77976439999999%7CCary%2C+NC%2C+USA&type=events,,,Atomic Empire,"Saturday, January 23, 3:00 PM | $45 | Atomic Empire | 3400 Westgate Dr Unit 14B, Durham 27713, North Carolina, United States of America | View Details | Map"
2026-03,play,Gundam Card Game,Play - World Championships,WORLD CHAMPIONSHIPS 26-27 | GUNDAM CARD GAME Official Website,2026-03-13,"Mar 13, 2026","Play - World Championships | Official Gundam event page | Date: March 13-14, 2027. | https://www.gundam-gcg.com/en/events/CS26-27.html",GUNDAM Official,https://www.gundam-gcg.com/en/events/CS26-27.html,https://www.gundam-gcg.com/gcg/bccard/system/news_noimg.webp,WORLD CHAMPIONSHIPS 26-27 | GUNDAM CARD GAME Official Website,Official Gundam event page,"Date: March 13-14, 2027. | https://www.gundam-gcg.com/en/events/CS26-27.html"
2026-07,play,Gundam Card Game,Play - Store Tournament,Store Tournament 2026 SEASON 3 | GUNDAM CARD GAME Official Website,2026-07-01,"Jul 01, 2026",Play - Store Tournament | Official Gundam event page | July 1st - September 30th 2026 | https://www.gundam-gcg.com/en/events/storetournament2026_03.html,GUNDAM Official,https://www.gundam-gcg.com/en/events/storetournament2026_03.html,https://www.gundam-gcg.com/gcg/bccard/en/news/2026/06/24/AUAEZQBVguxZZkoA/Store-Tournament-Banner-3.webp,Store Tournament 2026 SEASON 3 | GUNDAM CARD GAME Official Website,Official Gundam event page,July 1st - September 30th 2026 | https://www.gundam-gcg.com/en/events/storetournament2026_03.html
2026-09,play,Disney Lorcana,Play,Upcoming,2026-09-24,"Sep 24, 2026",Play | Lorcana - League Play | The Game Store VA | SEP 24 • 5:00 PM (EDT),Ravensburger Play Hub,https://tcg.ravensburgerplay.com/events,,,The Game Store VA,SEP 24 • 5:00 PM (EDT)
2026-09,play,Disney Lorcana,Play - Draft,Upcoming,2026-09-24,"Sep 24, 2026",Play - Draft | Lorcana - Attack Of The Vine! DRAFT @ 6:30p | The Game Store VA | SEP 24 • 6:30 PM (EDT),Ravensburger Play Hub,https://tcg.ravensburgerplay.com/events,,,The Game Store VA,SEP 24 • 6:30 PM (EDT)
2026-09,play,Gundam Card Game,Play,GUNDAM CARD GAME ST11-ST14 STARTER RELEASE EVENT | GUNDAM CARD GAME Official Website,2026-09-25,"Sep 25, 2026",Play | Official Gundam event page | September 25th 2026 ～ October 8th 2026​ | https://www.gundam-gcg.com/en/events/st11-14_release_event.html,GUNDAM Official,https://www.gundam-gcg.com/en/events/st11-14_release_event.html,https://www.gundam-gcg.com/gcg/bccard/en/news/2026/08/27/lzMsJ58EtuquFRaM/202608_ガンダム_ST11-ST14ReleaseEvent_800x600.webp,GUNDAM CARD GAME ST11-ST14 STARTER RELEASE EVENT | GUNDAM CARD GAME Official Website,Official Gundam event page,September 25th 2026 ～ October 8th 2026​ | https://www.gundam-gcg.com/en/events/st11-14_release_event.html
2026-09,play,Star Wars: Unlimited,Play,https://www.atomicempire.com/Store/Event/5770,2026-09-25,"Sep 25, 2026","Play | $10 | Atomic Empire | Friday, September 25, 11:00 PM | $10 | Atomic Empire | 3400 Westgate Dr Unit 14B, Durham 27713, North Carolina, United States of America | View Details | Prerelease Event",Star Wars Unlimited,https://starwarsunlimited.com/search?distance=100&myLocation=false&geo=35.7890402%7C-78.77976439999999%7CCary%2C+NC%2C+USA&type=events,,,Atomic Empire,"Friday, September 25, 11:00 PM | $10 | Atomic Empire | 3400 Westgate Dr Unit 14B, Durham 27713, North Carolina, United States of America | View Details | Prerelease Event"
2026-10,play,Disney Lorcana,Play,Upcoming,2026-10-03,"Oct 03, 2026",Play | Saturday Evening The Great Hunny Rescue Celebration | Final Boss LLC | OCT 3 • 5:00 PM (EDT),Ravensburger Play Hub,https://tcg.ravensburgerplay.com/events,,,Final Boss LLC,OCT 3 • 5:00 PM (EDT)
2026-10,play,Disney Lorcana,Play - Draft,Upcoming,2026-10-08,"Oct 08, 2026",Play - Draft | Lorcana - Attack Of The Vine! DRAFT @ 6:30p | The Game Store VA | OCT 8 • 6:30 PM (EDT),Ravensburger Play Hub,https://tcg.ravensburgerplay.com/events,,,The Game Store VA,OCT 8 • 6:30 PM (EDT)
2026-10,play,Disney Lorcana,Play - Sealed,Upcoming,2026-10-17,"Oct 17, 2026",Play - Sealed | Saturday Afternoon Hyperia City Prerelease (Sealed) | Final Boss LLC | OCT 17 • 12:00 PM (EDT),Ravensburger Play Hub,https://tcg.ravensburgerplay.com/events,,,Final Boss LLC,OCT 17 • 12:00 PM (EDT)
2026-10,play,Disney Lorcana,Play - Sealed,Upcoming,2026-10-17,"Oct 17, 2026",Play - Sealed | Lorcana - Hyperia City Prerelease (Sealed) - 3:30p | The Game Store VA | OCT 17 • 3:30 PM (EDT),Ravensburger Play Hub,https://tcg.ravensburgerplay.com/events,,,The Game Store VA,OCT 17 • 3:30 PM (EDT)
2026-10,play,Disney Lorcana,Play,Upcoming,2026-10-22,"Oct 22, 2026",Play | Thursday Evening Hyperia City Prerelease (Pack Rush) | Final Boss LLC | OCT 22 • 6:00 PM (EDT),Ravensburger Play Hub,https://tcg.ravensburgerplay.com/events,,,Final Boss LLC,OCT 22 • 6:00 PM (EDT)
2026-10,play,Gundam Card Game,Play,1st Anniversary Event | GUNDAM CARD GAME Official Website,2026-10-31,"Oct 31, 2026","Play | Official Gundam event page | September 12 -  October 31, 2026 | https://www.gundam-gcg.com/en/events/AnniversaryEvent.html",GUNDAM Official,https://www.gundam-gcg.com/en/events/AnniversaryEvent.html,https://www.gundam-gcg.com/gcg/bccard/en/news/2026/08/03/86If1CwUAV9LyuCz/1st-Anniversary-GCG-Web-banner-Top.webp,1st Anniversary Event | GUNDAM CARD GAME Official Website,Official Gundam event page,"September 12 -  October 31, 2026 | https://www.gundam-gcg.com/en/events/AnniversaryEvent.html"
2026-10,play,Star Wars: Unlimited,Play,https://www.atomicempire.com/Store/Event/14613,2026-10-02,"Oct 02, 2026","Play | $35 | Atomic Empire | Friday, October 2, 11:00 PM | $35 | Atomic Empire | 3400 Westgate Dr Unit 14B, Durham 27713, North Carolina, United States of America | View Details | Prerelease Event",Star Wars Unlimited,https://starwarsunlimited.com/search?distance=100&myLocation=false&geo=35.7890402%7C-78.77976439999999%7CCary%2C+NC%2C+USA&type=events,,,Atomic Empire,"Friday, October 2, 11:00 PM | $35 | Atomic Empire | 3400 Westgate Dr Unit 14B, Durham 27713, North Carolina, United States of America | View Details | Prerelease Event"
2026-10,play,Star Wars: Unlimited,Play - Sealed,"From a galaxy far, far away to your local game store... Are you ready to try something fresh? Check out our Star Wars Unlimited sealed event! You'll open a prerelease kit, which includes 6 packs to build a deck to play the event.",2026-10-03,"Oct 03, 2026","Play - Sealed | $30 | Starling Cards and Comics | Saturday, October 3, 9:00 PM | $30 | Starling Cards and Comics | 18 E Church St. Martinsville, VA 24112-6405 | View Details | Prerelease Event",Star Wars Unlimited,https://starwarsunlimited.com/search?distance=100&myLocation=false&geo=35.7890402%7C-78.77976439999999%7CCary%2C+NC%2C+USA&type=events,,,Starling Cards and Comics,"Saturday, October 3, 9:00 PM | $30 | Starling Cards and Comics | 18 E Church St. Martinsville, VA 24112-6405 | View Details | Prerelease Event"
2026-10,play,Star Wars: Unlimited,Play,https://www.atomicempire.com/Store/Event/14614,2026-10-03,"Oct 03, 2026","Play | $35 | Atomic Empire | Saturday, October 3, 3:00 PM | $35 | Atomic Empire | 3400 Westgate Dr Unit 14B, Durham 27713, North Carolina, United States of America | View Details | Prerelease Event",Star Wars Unlimited,https://starwarsunlimited.com/search?distance=100&myLocation=false&geo=35.7890402%7C-78.77976439999999%7CCary%2C+NC%2C+USA&type=events,,,Atomic Empire,"Saturday, October 3, 3:00 PM | $35 | Atomic Empire | 3400 Westgate Dr Unit 14B, Durham 27713, North Carolina, United States of America | View Details | Prerelease Event"
2026-10,play,Star Wars: Unlimited,Play,https://www.atomicempire.com/Store/Event/14615,2026-10-03,"Oct 03, 2026","Play | $35 | Atomic Empire | Saturday, October 3, 6:00 PM | $35 | Atomic Empire | 3400 Westgate Dr Unit 14B, Durham 27713, North Carolina, United States of America | View Details | Prerelease Event",Star Wars Unlimited,https://starwarsunlimited.com/search?distance=100&myLocation=false&geo=35.7890402%7C-78.77976439999999%7CCary%2C+NC%2C+USA&type=events,,,Atomic Empire,"Saturday, October 3, 6:00 PM | $35 | Atomic Empire | 3400 Westgate Dr Unit 14B, Durham 27713, North Carolina, United States of America | View Details | Prerelease Event"
2026-10,play,Star Wars: Unlimited,Play - Sealed,"From a galaxy far, far away to your local game store... Are you ready to try something fresh? Check out our Star Wars Unlimited sealed event! You'll open a prerelease kit, which includes 6 packs to build a deck to play the event.",2026-10-05,"Oct 05, 2026","Play - Sealed | $30 | Starling Cards and Comics | Monday, October 5, 10:00 PM | $30 | Starling Cards and Comics | 18 E Church St. Martinsville, VA 24112-6405 | View Details | Unofficial Event",Star Wars Unlimited,https://starwarsunlimited.com/search?distance=100&myLocation=false&geo=35.7890402%7C-78.77976439999999%7CCary%2C+NC%2C+USA&type=events,,,Starling Cards and Comics,"Monday, October 5, 10:00 PM | $30 | Starling Cards and Comics | 18 E Church St. Martinsville, VA 24112-6405 | View Details | Unofficial Event"
2026-10,play,Star Wars: Unlimited,Play - Draft,Use three boosters to draft one card at a time to build a deck and battle it out.,2026-10-09,"Oct 09, 2026","Play - Draft | $20 | Starling Cards and Comics | Friday, October 9, 10:00 PM | $20 | Starling Cards and Comics | 18 E Church St. Martinsville, VA 24112-6405 | View Details | Unofficial Event",Star Wars Unlimited,https://starwarsunlimited.com/search?distance=100&myLocation=false&geo=35.7890402%7C-78.77976439999999%7CCary%2C+NC%2C+USA&type=events,,,Starling Cards and Comics,"Friday, October 9, 10:00 PM | $20 | Starling Cards and Comics | 18 E Church St. Martinsville, VA 24112-6405 | View Details | Unofficial Event"
2026-10,play,Star Wars: Unlimited,Play,https://www.atomicempire.com/Store/Event/5770,2026-10-09,"Oct 09, 2026","Play | $20 | Atomic Empire | Friday, October 9, 11:00 PM | $20 | Atomic Empire | 3400 Westgate Dr Unit 14B, Durham 27713, North Carolina, United States of America | View Details | Unofficial Event",Star Wars Unlimited,https://starwarsunlimited.com/search?distance=100&myLocation=false&geo=35.7890402%7C-78.77976439999999%7CCary%2C+NC%2C+USA&type=events,,,Atomic Empire,"Friday, October 9, 11:00 PM | $20 | Atomic Empire | 3400 Westgate Dr Unit 14B, Durham 27713, North Carolina, United States of America | View Details | Unofficial Event"
2026-10,play,Star Wars: Unlimited,Play,https://www.atomicempire.com/Store/Event/5770,2026-10-16,"Oct 16, 2026","Play | $10 | Atomic Empire | Friday, October 16, 11:00 PM | $10 | Atomic Empire | 3400 Westgate Dr Unit 14B, Durham 27713, North Carolina, United States of America | View Details | Unofficial Event",Star Wars Unlimited,https://starwarsunlimited.com/search?distance=100&myLocation=false&geo=35.7890402%7C-78.77976439999999%7CCary%2C+NC%2C+USA&type=events,,,Atomic Empire,"Friday, October 16, 11:00 PM | $10 | Atomic Empire | 3400 Westgate Dr Unit 14B, Durham 27713, North Carolina, United States of America | View Details | Unofficial Event"
2026-10,play,Star Wars: Unlimited,Play,https://www.atomicempire.com/Store/Event/5770,2026-10-23,"Oct 23, 2026","Play | $10 | Atomic Empire | Friday, October 23, 11:00 PM | $10 | Atomic Empire | 3400 Westgate Dr Unit 14B, Durham 27713, North Carolina, United States of America | View Details | Unofficial Event",Star Wars Unlimited,https://starwarsunlimited.com/search?distance=100&myLocation=false&geo=35.7890402%7C-78.77976439999999%7CCary%2C+NC%2C+USA&type=events,,,Atomic Empire,"Friday, October 23, 11:00 PM | $10 | Atomic Empire | 3400 Westgate Dr Unit 14B, Durham 27713, North Carolina, United States of America | View Details | Unofficial Event"
2026-10,play,Star Wars: Unlimited,Play - Planetary Qualifier,https://www.atomicempire.com/Store/Event/5770,2026-10-30,"Oct 30, 2026","Play - Planetary Qualifier | $10 | Atomic Empire | Friday, October 30, 11:00 PM | $10 | Atomic Empire | 3400 Westgate Dr Unit 14B, Durham 27713, North Carolina, United States of America | View Details | Planetary Qualifier",Star Wars Unlimited,https://starwarsunlimited.com/search?distance=100&myLocation=false&geo=35.7890402%7C-78.77976439999999%7CCary%2C+NC%2C+USA&type=events,,,Atomic Empire,"Friday, October 30, 11:00 PM | $10 | Atomic Empire | 3400 Westgate Dr Unit 14B, Durham 27713, North Carolina, United States of America | View Details | Planetary Qualifier"
2026-11,play,Gundam Card Game,Play - Store Championship,WCS 26-27 Store Championships Season 2 | GUNDAM CARD GAME Official Website,2026-11-01,"Nov 01, 2026","Play - Store Championship | Official Gundam event page | November 1 - 30, 2026 | https://www.gundam-gcg.com/en/events/StoreCS26-27_November.html",GUNDAM Official,https://www.gundam-gcg.com/en/events/StoreCS26-27_November.html,https://www.gundam-gcg.com/gcg/bccard/en/news/2026/09/03/wnEaZCNcRHPk0FgJ/Store-Championship-Banner.webp,WCS 26-27 Store Championships Season 2 | GUNDAM CARD GAME Official Website,Official Gundam event page,"November 1 - 30, 2026 | https://www.gundam-gcg.com/en/events/StoreCS26-27_November.html"
2026-12,play,Gundam Card Game,Play - World Championships,WORLD CHAMPIONSHIPS 26-27 REGIONALS SEASON 2 | GUNDAM CARD GAME Official Website,2026-12-20,"Dec 20, 2026",Play - World Championships | Official Gundam event page | August - December 2026 | https://www.gundam-gcg.com/en/events/CS26-27Regionals_2.html,GUNDAM Official,https://www.gundam-gcg.com/en/events/CS26-27Regionals_2.html,https://www.gundam-gcg.com/gcg/bccard/en/news/2026/04/17/HYPC4MjNT17C4e4u/regionals-season2_mv_en.webp,WORLD CHAMPIONSHIPS 26-27 REGIONALS SEASON 2 | GUNDAM CARD GAME Official Website,Official Gundam event page,August - December 2026 | https://www.gundam-gcg.com/en/events/CS26-27Regionals_2.html
unknown,play,Disney Lorcana,Play - Weekly Play,NOV 4 • 5:00 PM (EST),,,"Play - Weekly Play | Upcoming | Final Boss Lorcana: Weekly Play | Wednesday, November 4, 2026",Ravensburger Play Hub,https://tcg.ravensburgerplay.com/events,,,Final Boss Lorcana: Weekly Play,"Wednesday, November 4, 2026"
unknown,play,Disney Lorcana,Play,OCT 1 • 5:00 PM (EDT),,,"Play | Upcoming | Lorcana - League Play | Thursday, October 1, 2026",Ravensburger Play Hub,https://tcg.ravensburgerplay.com/events,,,Lorcana - League Play,"Thursday, October 1, 2026"
unknown,play,Disney Lorcana,Play - Weekly Play,OCT 14 • 5:00 PM (EDT),,,"Play - Weekly Play | Upcoming | Final Boss Lorcana: Weekly Play | Wednesday, October 14, 2026",Ravensburger Play Hub,https://tcg.ravensburgerplay.com/events,,,Final Boss Lorcana: Weekly Play,"Wednesday, October 14, 2026"
unknown,play,Disney Lorcana,Play,OCT 15 • 5:00 PM (EDT),,,"Play | Upcoming | Lorcana - League Play | Thursday, October 15, 2026",Ravensburger Play Hub,https://tcg.ravensburgerplay.com/events,,,Lorcana - League Play,"Thursday, October 15, 2026"
unknown,play,Disney Lorcana,Play - Sealed,OCT 16 • 4:00 PM (EDT),,,"Play - Sealed | Upcoming | Lorcana Hyperia City Prerelease (Sealed) @Collector's Den | Friday, October 16, 2026",Ravensburger Play Hub,https://tcg.ravensburgerplay.com/events,,,Lorcana Hyperia City Prerelease (Sealed) @Collector's Den,"Friday, October 16, 2026"
unknown,play,Disney Lorcana,Play - Sealed,OCT 17 • 11:00 AM (EDT),,,"Play - Sealed | Upcoming | Lorcana - Hyperia City Prerelease (Sealed) - 11:00a | Saturday, October 17, 2026",Ravensburger Play Hub,https://tcg.ravensburgerplay.com/events,,,Lorcana - Hyperia City Prerelease (Sealed) - 11:00a,"Saturday, October 17, 2026"
unknown,play,Disney Lorcana,Play - Sealed,OCT 18 • 12:00 PM (EDT),,,"Play - Sealed | Upcoming | Lorcana Hyperia City Prerelease (Sealed) @Collector's Den | Sunday, October 18, 2026",Ravensburger Play Hub,https://tcg.ravensburgerplay.com/events,,,Lorcana Hyperia City Prerelease (Sealed) @Collector's Den,"Sunday, October 18, 2026"
unknown,play,Disney Lorcana,Play - Weekly Play,OCT 21 • 5:00 PM (EDT),,,"Play - Weekly Play | Upcoming | Final Boss Lorcana: Weekly Play | Wednesday, October 21, 2026",Ravensburger Play Hub,https://tcg.ravensburgerplay.com/events,,,Final Boss Lorcana: Weekly Play,"Wednesday, October 21, 2026"
unknown,play,Disney Lorcana,Play,OCT 22 • 5:00 PM (EDT),,,"Play | Upcoming | Lorcana - League Play | Thursday, October 22, 2026",Ravensburger Play Hub,https://tcg.ravensburgerplay.com/events,,,Lorcana - League Play,"Thursday, October 22, 2026"
unknown,play,Disney Lorcana,Play - Weekly Play,OCT 28 • 5:00 PM (EDT),,,"Play - Weekly Play | Upcoming | Final Boss Lorcana: Weekly Play | Wednesday, October 28, 2026",Ravensburger Play Hub,https://tcg.ravensburgerplay.com/events,,,Final Boss Lorcana: Weekly Play,"Wednesday, October 28, 2026"
unknown,play,Disney Lorcana,Play,OCT 29 • 5:00 PM (EDT),,,"Play | Upcoming | Lorcana - League Play | Thursday, October 29, 2026",Ravensburger Play Hub,https://tcg.ravensburgerplay.com/events,,,Lorcana - League Play,"Thursday, October 29, 2026"
unknown,play,Disney Lorcana,Play,OCT 3 • 11:00 AM (EDT),,,"Play | Upcoming | Lorcana - The Great Hunny Rescue Celebration - 11:00a | Saturday, October 3, 2026",Ravensburger Play Hub,https://tcg.ravensburgerplay.com/events,,,Lorcana - The Great Hunny Rescue Celebration - 11:00a,"Saturday, October 3, 2026"
unknown,play,Disney Lorcana,Play,OCT 4 • 1:00 PM (EDT),,,"Play | Upcoming | Lorcana The Great Hunny Rescue Celebration @Collector's Den | Sunday, October 4, 2026",Ravensburger Play Hub,https://tcg.ravensburgerplay.com/events,,,Lorcana The Great Hunny Rescue Celebration @Collector's Den,"Sunday, October 4, 2026"
unknown,play,Disney Lorcana,Play - Weekly Play,OCT 7 • 5:00 PM (EDT),,,"Play - Weekly Play | Upcoming | Final Boss Lorcana: Weekly Play | Wednesday, October 7, 2026",Ravensburger Play Hub,https://tcg.ravensburgerplay.com/events,,,Final Boss Lorcana: Weekly Play,"Wednesday, October 7, 2026"
unknown,play,Disney Lorcana,Play,OCT 8 • 5:00 PM (EDT),,,"Play | Upcoming | Lorcana - League Play | Thursday, October 8, 2026",Ravensburger Play Hub,https://tcg.ravensburgerplay.com/events,,,Lorcana - League Play,"Thursday, October 8, 2026"
unknown,play,Disney Lorcana,Play - Weekly Play,SEP 24 • 4:00 PM (EDT),,,"Play - Weekly Play | Upcoming | Lorcana Weekly Play @Collector's Den | Thursday, September 24, 2026",Ravensburger Play Hub,https://tcg.ravensburgerplay.com/events,,,Lorcana Weekly Play @Collector's Den,"Thursday, September 24, 2026"
unknown,play,Disney Lorcana,Play - Set Championship,SEP 26 • 12:00 PM (EDT),,,"Play - Set Championship | Upcoming | Saturday Afternoon Attack Of The Vine! Set Championship | Saturday, September 26, 2026",Ravensburger Play Hub,https://tcg.ravensburgerplay.com/events,,,Saturday Afternoon Attack Of The Vine! Set Championship,"Saturday, September 26, 2026"
unknown,play,Disney Lorcana,Play - Weekly Play,SEP 30 • 5:00 PM (EDT),,,"Play - Weekly Play | Upcoming | Final Boss Lorcana: Weekly Play | Wednesday, September 30, 2026",Ravensburger Play Hub,https://tcg.ravensburgerplay.com/events,,,Final Boss Lorcana: Weekly Play,"Wednesday, September 30, 2026"
unknown,play,Gundam Card Game,Play,BANDAI CARD GAMES Fest 26-27 | GUNDAM CARD GAME Official Website,,,Play | Official Gundam event page | BANDAI CARD GAMES Fest 26-27 | GUNDAM CARD GAME Official Website | https://www.gundam-gcg.com/en/events/cardgames-fest_26-27.html,GUNDAM Official,https://www.gundam-gcg.com/en/events/cardgames-fest_26-27.html,https://www.gundam-gcg.com/gcg/bccard/en/news/2026/08/03/mQFapr7rmN87oMXg/thumbnail_en.webp,BANDAI CARD GAMES Fest 26-27 | GUNDAM CARD GAME Official Website,Official Gundam event page,BANDAI CARD GAMES Fest 26-27 | GUNDAM CARD GAME Official Website | https://www.gundam-gcg.com/en/events/cardgames-fest_26-27.html
unknown,play,Magic: The Gathering,Play - Commander,Commander Party - Reality Fracture,,,Play - Commander,WPN,https://wpn.wizards.com/en/events,,,,
unknown,play,Magic: The Gathering,Play - Standard,Standard Showdown - Reality Fracture,,,Play - Standard,WPN,https://wpn.wizards.com/en/events,,,,
unknown,play,Magic: The Gathering,Play - Commander,Two-Headed Giant Commander Night – Reality Fracture,,,Play - Commander,WPN,https://wpn.wizards.com/en/events,,,,
unknown,play,Riftbound,Play,NOV 12 • 6:00 PM (EST),,,"Play | Upcoming | Thursday Night Rift | Thursday, November 12, 2026",Riftbound Locator,https://locator.riftbound.uvsgames.com/events,,,Thursday Night Rift,"Thursday, November 12, 2026"
unknown,play,Riftbound,Play,NOV 5 • 6:00 PM (EST),,,"Play | Upcoming | Thursday Night Rift | Thursday, November 5, 2026",Riftbound Locator,https://locator.riftbound.uvsgames.com/events,,,Thursday Night Rift,"Thursday, November 5, 2026"
unknown,play,Riftbound,Play,OCT 1 • 6:00 PM (EDT),,,"Play | Upcoming | Thursday Night Rift | Thursday, October 1, 2026",Riftbound Locator,https://locator.riftbound.uvsgames.com/events,,,Thursday Night Rift,"Thursday, October 1, 2026"
unknown,play,Riftbound,Play,OCT 10 • 11:00 AM (EDT),,,"Play | Upcoming | Riftbound - Vendetta - Summoner Skirmish II - 11:00a | Saturday, October 10, 2026",Riftbound Locator,https://locator.riftbound.uvsgames.com/events,,,Riftbound - Vendetta - Summoner Skirmish II - 11:00a,"Saturday, October 10, 2026"
unknown,play,Riftbound,Play,OCT 13 • 5:00 PM (EDT),,,"Play | Upcoming | Riftbound - League Play 5:00p-9:00p | Tuesday, October 13, 2026",Riftbound Locator,https://locator.riftbound.uvsgames.com/events,,,Riftbound - League Play 5:00p-9:00p,"Tuesday, October 13, 2026"
unknown,play,Riftbound,Play,OCT 15 • 6:00 PM (EDT),,,"Play | Upcoming | Thursday Night Rift | Thursday, October 15, 2026",Riftbound Locator,https://locator.riftbound.uvsgames.com/events,,,Thursday Night Rift,"Thursday, October 15, 2026"
unknown,play,Riftbound,Play,OCT 20 • 5:00 PM (EDT),,,"Play | Upcoming | Riftbound - League Play 5:00p-9:00p | Tuesday, October 20, 2026",Riftbound Locator,https://locator.riftbound.uvsgames.com/events,,,Riftbound - League Play 5:00p-9:00p,"Tuesday, October 20, 2026"
unknown,play,Riftbound,Play,OCT 22 • 6:00 PM (EDT),,,"Play | Upcoming | Thursday Night Rift | Thursday, October 22, 2026",Riftbound Locator,https://locator.riftbound.uvsgames.com/events,,,Thursday Night Rift,"Thursday, October 22, 2026"
unknown,play,Riftbound,Play,OCT 29 • 6:00 PM (EDT),,,"Play | Upcoming | Thursday Night Rift | Thursday, October 29, 2026",Riftbound Locator,https://locator.riftbound.uvsgames.com/events,,,Thursday Night Rift,"Thursday, October 29, 2026"
unknown,play,Riftbound,Play,OCT 6 • 5:00 PM (EDT),,,"Play | Upcoming | Riftbound - League Play 5:00p-9:00p | Tuesday, October 6, 2026",Riftbound Locator,https://locator.riftbound.uvsgames.com/events,,,Riftbound - League Play 5:00p-9:00p,"Tuesday, October 6, 2026"
unknown,play,Riftbound,Play,OCT 8 • 6:00 PM (EDT),,,"Play | Upcoming | Thursday Night Rift | Thursday, October 8, 2026",Riftbound Locator,https://locator.riftbound.uvsgames.com/events,,,Thursday Night Rift,"Thursday, October 8, 2026"
unknown,play,Riftbound,Play,SEP 24 • 6:00 PM (EDT),,,"Play | Upcoming | Thursday Night Rift | Thursday, September 24, 2026",Riftbound Locator,https://locator.riftbound.uvsgames.com/events,,,Thursday Night Rift,"Thursday, September 24, 2026"
unknown,play,Riftbound,Play,SEP 26 • 11:00 AM (EDT),,,"Play | Upcoming | Riftbound Vendetta Summoner Skirmish II @Collector's Den | Saturday, September 26, 2026",Riftbound Locator,https://locator.riftbound.uvsgames.com/events,,,Riftbound Vendetta Summoner Skirmish II @Collector's Den,"Saturday, September 26, 2026"
unknown,play,Riftbound,Play,SEP 29 • 5:00 PM (EDT),,,"Play | Upcoming | Riftbound - League Play 5:00p-9:00p | Tuesday, September 29, 2026",Riftbound Locator,https://locator.riftbound.uvsgames.com/events,,,Riftbound - League Play 5:00p-9:00p,"Tuesday, September 29, 2026"
unknown,play,Riftbound,Play,SEP 30 • 4:00 PM (EDT),,,"Play | Upcoming | Riftbound Nexus Nights - 1v1 @Collector’s Den | Wednesday, September 30, 2026",Riftbound Locator,https://locator.riftbound.uvsgames.com/events,,,Riftbound Nexus Nights - 1v1 @Collector’s Den,"Wednesday, September 30, 2026"
2026-01,release,Gundam Card Game,Release,Celestial Drive [ST07],2026-01-16,"Jan 16, 2026",Release | Gundam Card Game official release source | official exact date,GUNDAM Official,https://www.gundam-gcg.com/en/products/,https://www.gundam-gcg.com/ogp.jpg,Celestial Drive [ST07],Gundam Card Game official release source,official exact date
2026-01,release,Gundam Card Game,Release,Flash of Radiance [ST08],2026-01-16,"Jan 16, 2026",Release | Gundam Card Game official release source | official exact date,GUNDAM Official,https://www.gundam-gcg.com/en/products/,https://www.gundam-gcg.com/ogp.jpg,Flash of Radiance [ST08],Gundam Card Game official release source,official exact date
2026-01,release,Gundam Card Game,Release,Steel Requiem [GD03],2026-01-30,"Jan 30, 2026",Release | Gundam Card Game official release source | official exact date,GUNDAM Official,https://www.gundam-gcg.com/en/products/,https://www.gundam-gcg.com/ogp.jpg,Steel Requiem [GD03],Gundam Card Game official release source,official exact date
2026-01,release,Magic: The Gathering,Release,Lorwyn Eclipsed,2026-01-23,"Jan 23, 2026",Release | Magic: The Gathering official release source | official exact date,Wizards of the Coast,https://magic.wizards.com/en/news/announcements/everything-announced-for-magic-the-gathering-in-2026,https://images.ctfassets.net/s5n2t79q9icq/77Bl981ZugGYrSDl9a4Rqd/6541322ae11367337a12a0241f8768d1/79gVtUiEBO.jpg,Lorwyn Eclipsed,Magic: The Gathering official release source,official exact date
2026-01,release,One Piece,Release,BOOSTER PACK -THE AZURE SEA’S SEVEN- [OP14-EB04],2026-01-16,"Jan 16, 2026",Release | One Piece official release source | official exact date,ONE PIECE Official,https://en.onepiece-cardgame.com/products/,,BOOSTER PACK -THE AZURE SEA’S SEVEN- [OP14-EB04],One Piece official release source,official exact date
2026-01,release,One Piece,Release,STARTER DECK -Egghead- [ST-29],2026-01-16,"Jan 16, 2026",Release | One Piece official release source | official exact date,ONE PIECE Official,https://en.onepiece-cardgame.com/products/,,STARTER DECK -Egghead- [ST-29],One Piece official release source,official exact date
2026-01,release,One Piece,Release,Tin Pack Set Vol.2 [TS-02],2026-01-30,"Jan 30, 2026",Release | One Piece official release source | official exact date,ONE PIECE Official,https://en.onepiece-cardgame.com/products/,,Tin Pack Set Vol.2 [TS-02],One Piece official release source,official exact date
2026-02,release,Disney Lorcana,Release,Disney Lorcana Collector’s Guides (Sets 1–4 and 5–8),2026-02-01,"Feb 01, 2026",Release | Disney Lorcana official release source | official exact date,Disney Lorcana News,https://www.disneylorcana.com/en-GB/news,https://www.disneylorcana.com/og.jpg,Disney Lorcana Collector’s Guides (Sets 1–4 and 5–8),Disney Lorcana official release source,official exact date
2026-02,release,Disney Lorcana,Release,Winterspell Prerelease,2026-02-13,"Feb 13, 2026",Release | Disney Lorcana official release source | official exact date,Disney Lorcana News,https://www.disneylorcana.com/en-GB/news,https://www.disneylorcana.com/og.jpg,Winterspell Prerelease,Disney Lorcana official release source,official exact date
2026-02,release,Disney Lorcana,Release,Winterspell,2026-02-20,"Feb 20, 2026",Release | Disney Lorcana official release source | official exact date,Disney Lorcana News,https://www.disneylorcana.com/en-GB/news,https://www.disneylorcana.com/og.jpg,Winterspell,Disney Lorcana official release source,official exact date
2026-02,release,Gundam Card Game,Release,Premium Card Collection GUNDAM ASSEMBLE Set -Mobile Suit Gundam GQuuuuuuX- [PC02A],2026-02-27,"Feb 27, 2026",Release | Gundam Card Game official release source | official exact date,GUNDAM Official,https://www.gundam-gcg.com/en/products/,https://www.gundam-gcg.com/ogp.jpg,Premium Card Collection GUNDAM ASSEMBLE Set -Mobile Suit Gundam GQuuuuuuX- [PC02A],Gundam Card Game official release source,official exact date
2026-02,release,Gundam Card Game,Release,Premium Card Collection GUNDAM ASSEMBLE Set -Mobile Suit Gundam IRON-BLOODED ORPHANS- [PC01A],2026-02-27,"Feb 27, 2026",Release | Gundam Card Game official release source | official exact date,GUNDAM Official,https://www.gundam-gcg.com/en/products/,https://www.gundam-gcg.com/ogp.jpg,Premium Card Collection GUNDAM ASSEMBLE Set -Mobile Suit Gundam IRON-BLOODED ORPHANS- [PC01A],Gundam Card Game official release source,official exact date
2026-02,release,One Piece,Release,EXTRA BOOSTER -ONE PIECE HEROINES EDITION- [EB-03],2026-02-20,"Feb 20, 2026",Release | One Piece official release source | official exact date,ONE PIECE Official,https://en.onepiece-cardgame.com/products/,,EXTRA BOOSTER -ONE PIECE HEROINES EDITION- [EB-03],One Piece official release source,official exact date
2026-02,release,Riftbound,Release,Spiritforged Pre-Rift,2026-02-06,"Feb 06, 2026",Release | Riftbound official release source | official exact start date,Riftbound 2026 Roadmap,https://riftbound.leagueoflegends.com/en-us/news/announcements/2026-roadmap/,https://cmsassets.rgpub.io/sanity/images/dsfx7636/news_live/b309f9a6ad1eaffdd7cf54d53530c804dfb48d5d-1920x1080.jpg?accountingTag=RB?w=1200&h=630&fm=webp&fit=crop&crop=center,Spiritforged Pre-Rift,Riftbound official release source,official exact start date
2026-02,release,Riftbound,Release,Spiritforged (English),2026-02-13,"Feb 13, 2026",Release | Riftbound official release source | official exact date,Riftbound 2026 Roadmap,https://riftbound.leagueoflegends.com/en-us/news/announcements/2026-roadmap/,https://cmsassets.rgpub.io/sanity/images/dsfx7636/news_live/b309f9a6ad1eaffdd7cf54d53530c804dfb48d5d-1920x1080.jpg?accountingTag=RB?w=1200&h=630&fm=webp&fit=crop&crop=center,Spiritforged (English),Riftbound official release source,official exact date
2026-03,release,Disney Lorcana,Release,Collection Starter Set – Stitch Edition,2026-03-13,"Mar 13, 2026",Release | Disney Lorcana official release source | official exact date,Disney Lorcana News,https://www.disneylorcana.com/en-GB/news,https://www.disneylorcana.com/og.jpg,Collection Starter Set – Stitch Edition,Disney Lorcana official release source,official exact date
2026-03,release,Disney Lorcana,Release,Scrooge McDuck Gift Box,2026-03-13,"Mar 13, 2026",Release | Disney Lorcana official release source | official exact date,Disney Lorcana News,https://www.disneylorcana.com/en-GB/news,https://www.disneylorcana.com/og.jpg,Scrooge McDuck Gift Box,Disney Lorcana official release source,official exact date
2026-03,release,Gundam Card Game,Release,Destiny Ignition [ST09],2026-03-27,"Mar 27, 2026",Release | Gundam Card Game official release source | official exact date,GUNDAM Official,https://www.gundam-gcg.com/en/products/,https://www.gundam-gcg.com/ogp.jpg,Destiny Ignition [ST09],Gundam Card Game official release source,official exact date
2026-03,release,Magic: The Gathering,Release,Magic: The Gathering | Teenage Mutant Ninja Turtles,2026-03-01,"Mar 01, 2026",Release | Magic: The Gathering official release source | month-only: March 2026,Wizards of the Coast,https://magic.wizards.com/en/news/announcements/everything-announced-for-magic-the-gathering-in-2026,https://images.ctfassets.net/s5n2t79q9icq/77Bl981ZugGYrSDl9a4Rqd/6541322ae11367337a12a0241f8768d1/79gVtUiEBO.jpg,Magic: The Gathering | Teenage Mutant Ninja Turtles,Magic: The Gathering official release source,month-only: March 2026
2026-03,release,Pokémon,Release,Mega Evolution—Perfect Order,2026-03-27,"Mar 27, 2026",Release | Pokémon official release source | official exact date,Pokémon,https://www.pokemon.com/us/pokemon-news/check-out-every-pokemon-tcg-product-release-in-march-2026,"https://mcdn.pokemon.com/pokemon-prod/image/upload/c_limit,w_1920/f_auto/v1/live/static-assets/content-assets/cms2/img/trading-card-game/_tiles/2026/product-showcase/03/product-showcase-169-en.png",Mega Evolution—Perfect Order,Pokémon official release source,official exact date
2026-03,release,Star Wars: Unlimited,Release,A Lawless Time,2026-03-13,"Mar 13, 2026",Release | Star Wars: Unlimited official release source | official exact date,Star Wars Unlimited,https://starwarsunlimited.com/articles/a-message-from-the-team,https://cdn.starwarsunlimited.com//SWH_07_P2_Team_Message_Article_preview_C3_PO_0938308997.png,A Lawless Time,Star Wars: Unlimited official release source,official exact date
2026-04,release,Dungeons & Dragons,Release,Ravenloft: The Horrors Within,2026-04-13,"Apr 13, 2026",Release | Dungeons & Dragons official release source | pre-order,D&D Beyond,https://www.dndbeyond.com/posts/2136-d-d-2026-calendar-release,https://www.dndbeyond.com/avatars/55131/988/639077987572170144.jpeg,Ravenloft: The Horrors Within,Dungeons & Dragons official release source,pre-order
2026-04,release,Gundam Card Game,Release,Phantom Aria [GD04],2026-04-24,"Apr 24, 2026",Release | Gundam Card Game official release source | official exact date,GUNDAM Official,https://www.gundam-gcg.com/en/products/,https://www.gundam-gcg.com/ogp.jpg,Phantom Aria [GD04],Gundam Card Game official release source,official exact date
2026-04,release,Magic: The Gathering,Release,Secrets of Strixhaven,2026-04-24,"Apr 24, 2026",Release | Magic: The Gathering official release source | official exact date,Wizards of the Coast,https://magic.wizards.com/en/news/announcements/everything-announced-for-magic-the-gathering-in-2026,https://images.ctfassets.net/s5n2t79q9icq/77Bl981ZugGYrSDl9a4Rqd/6541322ae11367337a12a0241f8768d1/79gVtUiEBO.jpg,Secrets of Strixhaven,Magic: The Gathering official release source,official exact date
2026-04,release,One Piece,Release,BOOSTER PACK -ADVENTURE ON KAMI'S ISLAND- [OP15-EB04],2026-04-03,"Apr 03, 2026",Release | One Piece official release source | official exact date,ONE PIECE Official,https://en.onepiece-cardgame.com/products/,,BOOSTER PACK -ADVENTURE ON KAMI'S ISLAND- [OP15-EB04],One Piece official release source,official exact date
2026-04,release,One Piece,Release,Double Pack Set Vol.10 [DP-10],2026-04-03,"Apr 03, 2026",Release | One Piece official release source | official exact date,ONE PIECE Official,https://en.onepiece-cardgame.com/products/,,Double Pack Set Vol.10 [DP-10],One Piece official release source,official exact date
2026-04,release,Riftbound,Release,Unleashed (China),2026-04-10,"Apr 10, 2026",Release | Riftbound official release source | secondary-confirmed exact date; roadmap confirms Unleashed in 2026,Riftbound 2026 Roadmap,https://riftbound.leagueoflegends.com/en-us/news/announcements/2026-roadmap/,https://cmsassets.rgpub.io/sanity/images/dsfx7636/news_live/b309f9a6ad1eaffdd7cf54d53530c804dfb48d5d-1920x1080.jpg?accountingTag=RB?w=1200&h=630&fm=webp&fit=crop&crop=center,Unleashed (China),Riftbound official release source,secondary-confirmed exact date; roadmap confirms Unleashed in 2026
2026-05,release,Disney Lorcana,Release,2-Player Starter Set,2026-05-08,"May 08, 2026",Release | Disney Lorcana official release source | official exact date,Disney Lorcana News,https://www.disneylorcana.com/en-GB/news,https://www.disneylorcana.com/og.jpg,2-Player Starter Set,Disney Lorcana official release source,official exact date
2026-05,release,Disney Lorcana,Release,Wilds Unknown Prerelease,2026-05-08,"May 08, 2026",Release | Disney Lorcana official release source | secondary-confirmed exact date,Disney Lorcana News,https://www.disneylorcana.com/en-GB/news,https://www.disneylorcana.com/og.jpg,Wilds Unknown Prerelease,Disney Lorcana official release source,secondary-confirmed exact date
2026-05,release,Disney Lorcana,Release,Wilds Unknown,2026-05-15,"May 15, 2026",Release | Disney Lorcana official release source | secondary-confirmed exact date,Disney Lorcana News,https://www.disneylorcana.com/en-GB/news,https://www.disneylorcana.com/og.jpg,Wilds Unknown,Disney Lorcana official release source,secondary-confirmed exact date
2026-05,release,Pokémon,Release,Mega Evolution—Chaos Rising,2026-05-22,"May 22, 2026",Release | Pokémon official release source | official exact date,Pokémon,https://www.pokemon.com/us/pokemon-news/check-out-every-pokemon-tcg-product-release-in-march-2026,"https://mcdn.pokemon.com/pokemon-prod/image/upload/c_limit,w_1920/f_auto/v1/live/static-assets/content-assets/cms2/img/trading-card-game/_tiles/2026/product-showcase/03/product-showcase-169-en.png",Mega Evolution—Chaos Rising,Pokémon official release source,official exact date
2026-05,release,Riftbound,Release,Unleashed (Global English),2026-05-08,"May 08, 2026",Release | Riftbound official release source | secondary-confirmed exact date; roadmap confirms Unleashed in 2026,Riftbound 2026 Roadmap,https://riftbound.leagueoflegends.com/en-us/news/announcements/2026-roadmap/,https://cmsassets.rgpub.io/sanity/images/dsfx7636/news_live/b309f9a6ad1eaffdd7cf54d53530c804dfb48d5d-1920x1080.jpg?accountingTag=RB?w=1200&h=630&fm=webp&fit=crop&crop=center,Unleashed (Global English),Riftbound official release source,secondary-confirmed exact date; roadmap confirms Unleashed in 2026
2026-05,release,Star Wars: Unlimited,Release,Twin Suns Decks,2026-05-01,"May 01, 2026",Release | Star Wars: Unlimited official release source | month-only: May 2026,Star Wars Unlimited,https://starwarsunlimited.com/articles/a-message-from-the-team,https://cdn.starwarsunlimited.com//SWH_07_P2_Team_Message_Article_preview_C3_PO_0938308997.png,Twin Suns Decks,Star Wars: Unlimited official release source,month-only: May 2026
2026-06,release,Dungeons & Dragons,Release,Ravenloft: The Horrors Within,2026-06-02,"Jun 02, 2026",Release | Dungeons & Dragons official release source | Master Tier release,D&D Beyond,https://www.dndbeyond.com/posts/2136-d-d-2026-calendar-release,https://www.dndbeyond.com/avatars/55131/988/639077987572170144.jpeg,Ravenloft: The Horrors Within,Dungeons & Dragons official release source,Master Tier release
2026-06,release,Dungeons & Dragons,Release,Ravenloft: The Horrors Within,2026-06-09,"Jun 09, 2026",Release | Dungeons & Dragons official release source | Hero Tier release,D&D Beyond,https://www.dndbeyond.com/posts/2136-d-d-2026-calendar-release,https://www.dndbeyond.com/avatars/55131/988/639077987572170144.jpeg,Ravenloft: The Horrors Within,Dungeons & Dragons official release source,Hero Tier release
2026-06,release,Dungeons & Dragons,Release,Ravenloft: The Horrors Within,2026-06-16,"Jun 16, 2026",Release | Dungeons & Dragons official release source | wide release,D&D Beyond,https://www.dndbeyond.com/posts/2136-d-d-2026-calendar-release,https://www.dndbeyond.com/avatars/55131/988/639077987572170144.jpeg,Ravenloft: The Horrors Within,Dungeons & Dragons official release source,wide release
2026-06,release,Magic: The Gathering,Release,Magic: The Gathering | Marvel Super Heroes,2026-06-26,"Jun 26, 2026",Release | Magic: The Gathering official release source | official exact date,Wizards of the Coast,https://magic.wizards.com/en/news/announcements/everything-announced-for-magic-the-gathering-in-2026,https://images.ctfassets.net/s5n2t79q9icq/77Bl981ZugGYrSDl9a4Rqd/6541322ae11367337a12a0241f8768d1/79gVtUiEBO.jpg,Magic: The Gathering | Marvel Super Heroes,Magic: The Gathering official release source,official exact date
2026-06,release,Star Wars: Unlimited,Release,Ashes of the Empire,2026-06-01,"Jun 01, 2026",Release | Star Wars: Unlimited official release source | season-only: Summer 2026,Star Wars Unlimited,https://starwarsunlimited.com/articles/a-message-from-the-team,https://cdn.starwarsunlimited.com//SWH_07_P2_Team_Message_Article_preview_C3_PO_0938308997.png,Ashes of the Empire,Star Wars: Unlimited official release source,season-only: Summer 2026
2026-07,release,Gundam Card Game,Release,Freedom Ascension [GD05],2026-07-24,"Jul 24, 2026",Release | Gundam Card Game official release source | official exact date,GUNDAM Official,https://www.gundam-gcg.com/en/products/,https://www.gundam-gcg.com/ogp.jpg,Freedom Ascension [GD05],Gundam Card Game official release source,official exact date
2026-07,release,Riftbound,Release,Vendetta,2026-07-31,"Jul 31, 2026",Release | Riftbound official release source | secondary-confirmed exact date; official sources confirm later-2026 release window,Riftbound 2026 Roadmap,https://riftbound.leagueoflegends.com/en-us/news/announcements/2026-roadmap/,https://cmsassets.rgpub.io/sanity/images/dsfx7636/news_live/b309f9a6ad1eaffdd7cf54d53530c804dfb48d5d-1920x1080.jpg?accountingTag=RB?w=1200&h=630&fm=webp&fit=crop&crop=center,Vendetta,Riftbound official release source,secondary-confirmed exact date; official sources confirm later-2026 release window
2026-08,release,Disney Lorcana,Release,Attack of the Vine,2026-08-01,"Aug 01, 2026",Release | Disney Lorcana official release source | month-only: August 2026,Disney Lorcana News,https://www.disneylorcana.com/en-GB/news,https://www.disneylorcana.com/og.jpg,Attack of the Vine,Disney Lorcana official release source,month-only: August 2026
2026-08,release,Dungeons & Dragons,Release,D&D Reference Cards,2026-08-01,"Aug 01, 2026",Release | Dungeons & Dragons official release source | month-only: August 2026,D&D Beyond,https://www.dndbeyond.com/posts/2136-d-d-2026-calendar-release,https://www.dndbeyond.com/avatars/55131/988/639077987572170144.jpeg,D&D Reference Cards,Dungeons & Dragons official release source,month-only: August 2026
2026-08,release,Magic: The Gathering,Release,Magic: The Gathering | The Hobbit,2026-08-01,"Aug 01, 2026",Release | Magic: The Gathering official release source | month-only: August 2026,Wizards of the Coast,https://magic.wizards.com/en/news/announcements/everything-announced-for-magic-the-gathering-in-2026,https://images.ctfassets.net/s5n2t79q9icq/77Bl981ZugGYrSDl9a4Rqd/6541322ae11367337a12a0241f8768d1/79gVtUiEBO.jpg,Magic: The Gathering | The Hobbit,Magic: The Gathering official release source,month-only: August 2026
2026-09,release,Dungeons & Dragons,Release,Arcana Unleashed,2026-09-01,"Sep 01, 2026",Release | Dungeons & Dragons official release source | month-only: September 2026,D&D Beyond,https://www.dndbeyond.com/posts/2136-d-d-2026-calendar-release,https://www.dndbeyond.com/avatars/55131/988/639077987572170144.jpeg,Arcana Unleashed,Dungeons & Dragons official release source,month-only: September 2026
2026-09,release,Dungeons & Dragons,Release,Arcana Unleashed: Deadfall,2026-09-01,"Sep 01, 2026",Release | Dungeons & Dragons official release source | month-only: September 2026,D&D Beyond,https://www.dndbeyond.com/posts/2136-d-d-2026-calendar-release,https://www.dndbeyond.com/avatars/55131/988/639077987572170144.jpeg,Arcana Unleashed: Deadfall,Dungeons & Dragons official release source,month-only: September 2026
2026-10,release,Magic: The Gathering,Release,Reality Fracture,2026-10-01,"Oct 01, 2026",Release | Magic: The Gathering official release source | month-only: October 2026,Wizards of the Coast,https://magic.wizards.com/en/news/announcements/everything-announced-for-magic-the-gathering-in-2026,https://images.ctfassets.net/s5n2t79q9icq/77Bl981ZugGYrSDl9a4Rqd/6541322ae11367337a12a0241f8768d1/79gVtUiEBO.jpg,Reality Fracture,Magic: The Gathering official release source,month-only: October 2026
2026-10,release,Riftbound,Release,Radiance,2026-10-23,"Oct 23, 2026",Release | Riftbound official release source | secondary-confirmed exact date; official sources confirm year-end release,Riftbound 2026 Roadmap,https://riftbound.leagueoflegends.com/en-us/news/announcements/2026-roadmap/,https://cmsassets.rgpub.io/sanity/images/dsfx7636/news_live/b309f9a6ad1eaffdd7cf54d53530c804dfb48d5d-1920x1080.jpg?accountingTag=RB?w=1200&h=630&fm=webp&fit=crop&crop=center,Radiance,Riftbound official release source,secondary-confirmed exact date; official sources confirm year-end release
2026-10,release,Star Wars: Unlimited,Release,Homeworlds,2026-10-01,"Oct 01, 2026",Release | Star Wars: Unlimited official release source | quarter-only: Q4 2026,Star Wars Unlimited,https://starwarsunlimited.com/articles/a-message-from-the-team,https://cdn.starwarsunlimited.com//SWH_07_P2_Team_Message_Article_preview_C3_PO_0938308997.png,Homeworlds,Star Wars: Unlimited official release source,quarter-only: Q4 2026
2026-11,release,Disney Lorcana,Release,Unnamed Fourth Set,2026-11-01,"Nov 01, 2026",Release | Disney Lorcana official release source | month-only: Nov/Dec 2026,Disney Lorcana News,https://www.disneylorcana.com/en-GB/news,https://www.disneylorcana.com/og.jpg,Unnamed Fourth Set,Disney Lorcana official release source,month-only: Nov/Dec 2026
2026-11,release,Magic: The Gathering,Release,Magic: The Gathering | Star Trek,2026-11-01,"Nov 01, 2026",Release | Magic: The Gathering official release source | month-only: November 2026,Wizards of the Coast,https://magic.wizards.com/en/news/announcements/everything-announced-for-magic-the-gathering-in-2026,https://images.ctfassets.net/s5n2t79q9icq/77Bl981ZugGYrSDl9a4Rqd/6541322ae11367337a12a0241f8768d1/79gVtUiEBO.jpg,Magic: The Gathering | Star Trek,Magic: The Gathering official release source,month-only: November 2026
2026-12,release,Star Wars: Unlimited,Release,Icons,2026-12-01,"Dec 01, 2026",Release | Star Wars: Unlimited official release source | officially named as 2026 set; exact month/day not verified in source,Star Wars Unlimited,https://starwarsunlimited.com/articles/a-message-from-the-team,https://cdn.starwarsunlimited.com//SWH_07_P2_Team_Message_Article_preview_C3_PO_0938308997.png,Icons,Star Wars: Unlimited official release source,officially named as 2026 set; exact month/day not verified in source
